{"0.0": 1.6014285714285716, "1.0": 1.570952380952381, "2.0": 1.6250000000000002, "3.0": 1.61875, "4.0": 1.5681818181818181, "5.0": 1.5923529411764705, "6.0": 1.5414285714285716, "7.0": 1.5931818181818185, "8.0": 1.5656, "9.0": 1.5253846153846156, "10.0": 1.5356521739130438, "11.0": 1.5465217391304351, "12.0": 1.5061538461538464, "13.0": 1.435, "14.0": 1.4915384615384613, "15.0": 1.49375, "16.0": 1.4713513513513516, "17.0": 1.4751851851851852, "18.0": 1.4917241379310346, "19.0": 1.4854166666666666, "20.0": 1.4542424242424241, "21.0": 1.469189189189189, "22.0": 1.4588235294117649, "23.0": 1.445, "24.0": 1.4480645161290322, "25.0": 1.4265625, "26.0": 1.4151999999999998, "27.0": 1.5057894736842108, "28.0": 1.3938095238095236, "29.0": 1.4359090909090908, "30.0": 1.4066666666666665, "31.0": 1.4137500000000003, "32.0": 1.4176666666666666, "33.0": 1.333076923076923, "34.0": 1.4557142857142855, "35.0": 1.366969696969697, "36.0": 1.392222222222222, "37.0": 1.33775, "38.0": 1.3277272727272724, "39.0": 1.325, "40.0": 1.3472222222222223, "41.0": 1.2816666666666667, "42.0": 1.2733333333333332, "43.0": 1.3491666666666664, "44.0": 1.2638461538461538, "45.0": 1.2253333333333336, "46.0": 1.325, "47.0": 1.2285714285714284, "48.0": 1.2455555555555557, "49.0": 1.2100000000000002, "50.0": 1.1, "51.0": 1.222, "52.0": 1.2149999999999999, "53.0": 1.1300000000000001, "54.0": NaN, "55.0": 1.1, "56.0": 1.1666666666666667, "57.0": 1.06, "58.0": 0.75, "59.0": 0.9425, "60.0": 1.03, "61.0": 1.2825, "62.0": 1.175, "63.0": 1.0516666666666667, "64.0": 1.0, "65.0": 0.95, "66.0": 0.75, "67.0": 0.9583333333333334, "68.0": 1.1, "69.0": 0.75, "70.0": 1.2000000000000002, "71.0": 0.9, "72.0": 0.55, "73.0": 0.7666666666666666, "74.0": 0.76, "75.0": 1.0433333333333332, "76.0": 0.9166666666666666, "77.0": 0.6499999999999999, "78.0": 0.95, "79.0": 0.5, "80.0": 1.0750000000000002, "81.0": 0.6, "82.0": 0.7, "83.0": NaN, "84.0": 0.75, "85.0": 0.7, "86.0": 0.87, "87.0": 0.8, "88.0": NaN, "89.0": 0.6, "90.0": 0.9333333333333332, "91.0": 0.9433333333333334, "92.0": 1.1, "93.0": NaN, "94.0": NaN, "95.0": 0.575, "96.0": 0.7000000000000001, "97.0": 0.575, "98.0": 0.95, "99.0": NaN, "100.0": 0.6, "101.0": 0.96, "102.0": 0.645, "103.0": 0.65, "104.0": 0.7, "105.0": 0.5666666666666668, "106.0": NaN, "107.0": NaN, "108.0": 0.6, "109.0": 0.6, "110.0": 0.65, "111.0": 0.6, "112.0": NaN, "113.0": 0.55, "114.0": NaN, "115.0": 0.3, "116.0": NaN, "117.0": NaN, "118.0": 0.5, "119.0": 0.6499999999999999}